law_type,original,simplified,article_no,meaning
"Indian Contract Act, 1872","All agreements are contracts if they are made by the free consent of parties competent to contract, for a lawful consideration and with a lawful object, and are not hereby expressly declared to be void.","An agreement becomes a valid contract when: 1) Parties agree freely, 2) Parties are legally capable, 3) There is lawful purpose and consideration, 4) Not declared void by law.","Section 10","Defines essential elements of a valid contract in Indian law."
"Indian Contract Act, 1872","When one person signifies to another his willingness to do or to abstain from doing anything, with a view to obtaining the assent of that other to such act or abstinence, he is said to make a proposal.","A proposal (offer) is made when someone shows willingness to do or not do something, wanting the other persons agreement.","Section 2(a)","Defines what constitutes a legal offer or proposal."
"Indian Contract Act, 1872","A contract may be avoided if it is caused by coercion, undue influence, fraud, misrepresentation or mistake.","A contract can be cancelled if it was made under pressure, influence, deception, false statements, or errors.","Section 19","Lists situations where a contract can be voided due to invalid consent."
"Indian Contract Act, 1872","When, at the desire of the promisor, the promisee or any other person has done or abstained from doing, or does or abstains from doing, or promises to do or to abstain from doing, something, such act or abstinence or promise is called a consideration for the promise.","Consideration means something in return - when someone does something because the other person asked for it, that something is called consideration.","Section 2(d)","Defines consideration in contracts."
"Indian Contract Act, 1872","An agreement not enforceable by law is said to be void.","A void agreement is not legally binding and cannot be enforced in court.","Section 2(g)","Defines void agreements."
"Indian Contract Act, 1872","An agreement enforceable by law is a contract.","A contract is a legally binding agreement that can be enforced in court.","Section 2(h)","Defines what constitutes a contract."
"Indian Contract Act, 1872","All contracts are agreements but all agreements are not contracts.","While every contract is an agreement, not every agreement qualifies as a legally enforceable contract.","Section 10","Distinguishes between agreements and contracts."
"Indian Contract Act, 1872","When a party to a contract has refused to perform, or disabled himself from performing his promise in its entirety, the promisee may put an end to the contract.","If one party refuses to fulfill their contract promise, the other party can cancel the entire contract.","Section 39","Effect of refusal of party to perform promise wholly"
"Indian Contract Act, 1872","When a contract has been broken, the party who suffers by such breach is entitled to receive compensation for any loss or damage caused to him thereby.","If a contract is broken, the affected party can claim compensation for any losses suffered.","Section 73","Compensation for loss or damage caused by breach of contract"
"Indian Contract Act, 1872","A contract to do an act which, after the contract is made, becomes impossible, or by reason of some event which the promisor could not prevent, unlawful, becomes void when the act becomes impossible or unlawful.","A contract becomes void if it becomes impossible or illegal to perform after the contract is made.","Section 56","Agreement to do impossible act"
"Indian Penal Code, 1860","Whoever causes death by doing an act with the intention of causing death, or with the intention of causing such bodily injury as is likely to cause death, or with the knowledge that he is likely by such act to cause death, commits the offence of murder.","Causing death with intent to kill or cause serious injury amounts to murder.","Section 300","Murder definition and punishment"
"Indian Penal Code, 1860","Whoever commits murder shall be punished with death or imprisonment for life, and shall also be liable to fine.","Murder is punishable with death sentence or life imprisonment, plus possible fine.","Section 302","Punishment for murder"
"Indian Penal Code, 1860","Whoever, intending to take dishonestly any movable property out of the possession of any person without that person's consent, moves that property in order to such taking, is said to commit theft.","Dishonestly taking movable property without owner's consent constitutes theft.","Section 378","Definition of theft"
"Indian Penal Code, 1860","Whoever commits theft shall be punished with imprisonment of either description for a term which may extend to three years, or with fine, or with both.","Theft is punishable with up to 3 years imprisonment or fine or both.","Section 379","Punishment for theft"
"Indian Penal Code, 1860","Whoever causes the death of a person by doing an act with the intention of causing death, or with the knowledge that he is likely by such act to cause death, commits culpable homicide.","Causing death with intent or knowledge amounts to culpable homicide.","Section 299","Culpable homicide"
"Indian Penal Code, 1860","Whoever commits culpable homicide not amounting to murder shall be punished with imprisonment for life, or imprisonment for a term which may extend to ten years.","Culpable homicide not amounting to murder is punishable with life or up to 10 years.","Section 304","Punishment for culpable homicide not amounting to murder"
"Indian Penal Code, 1860","Whoever enters into or upon property in possession of another with intent to commit an offence, is said to commit criminal trespass.","Entering property with intent to commit offense is criminal trespass.","Section 441","Criminal trespass"
"Indian Penal Code, 1860","Whoever commits criminal trespass shall be punished with imprisonment which may extend to three months, or with fine, or with both.","Criminal trespass is punishable with up to 3 months imprisonment or fine.","Section 447","Punishment for criminal trespass"
"Indian Penal Code, 1860","Whoever assaults or uses criminal force to any woman, intending to outrage or knowing it to be likely that he will thereby outrage her modesty, shall be punished.","Using force against woman with intent to outrage modesty is punishable.","Section 354","Assault or criminal force to woman with intent to outrage her modesty"
"Indian Penal Code, 1860","Whoever, being a husband or relative of the husband of a woman, subjects such woman to cruelty shall be punished.","Husband or relatives subjecting woman to cruelty can be punished.","Section 498A","Husband or relative of husband of a woman subjecting her to cruelty"
"Constitution of India","The State shall not deny to any person equality before the law or the equal protection of the laws within the territory of India.","Every person has equal rights under the law in India.","Article 14","Equality before law"
"Constitution of India","All citizens shall have the right to freedom of speech and expression.","Citizens have right to free speech and expression.","Article 19(1)(a)","Freedom of speech and expression"
"Constitution of India","No person shall be deprived of his life or personal liberty except according to procedure established by law.","No one can be denied life or personal freedom except through legal procedures.","Article 21","Protection of life and personal liberty"
"Transfer of Property Act, 1882","A lease of immovable property from year to year, or for any term exceeding one year, or reserving a yearly rent, can be made only by a registered instrument.","Long-term leases (over 1 year) must be registered documents.","Section 107","Leases how made"
"Transfer of Property Act, 1882","A mortgage is the transfer of an interest in specific immovable property for the purpose of securing the payment of money advanced.","Mortgage means transferring property interest as security for loan.","Section 58","Mortgage defined"
"Hindu Marriage Act, 1955","A marriage may be solemnized between any two Hindus, if neither party has a spouse living at the time of the marriage.","Hindu marriage requires that neither party has a living spouse at marriage time.","Section 5","Conditions for a Hindu marriage"
"Hindu Marriage Act, 1955","Any marriage solemnized, whether before or after the commencement of this Act, may be annulled by a decree of nullity on the ground that the marriage has not been consummated owing to the impotence of the respondent.","Marriage can be annulled if not consummated due to impotence.","Section 12","Voidable marriages"
"Hindu Marriage Act, 1955","Any marriage solemnized may be dissolved by a decree of divorce on the ground that the other party has had voluntary sexual intercourse with any person other than his or her spouse.","Divorce can be granted if spouse has extramarital relations.","Section 13","Divorce"
"Code of Civil Procedure, 1908","The Court may issue a commission for the examination on interrogatories or otherwise of any person resident within the local limits of its jurisdiction.","Court can appoint commissioner to record evidence of witnesses.","Order 26 Rule 1","Commission to examine witnesses"
"Code of Civil Procedure, 1908","The Court shall have power to grant a temporary injunction to restrain such act.","Courts can issue temporary orders to prevent illegal actions.","Order 39 Rule 1","Cases in which temporary injunction may be granted"
"Code of Civil Procedure, 1908","No appeal shall lie from a decree passed by the Court with the consent of parties.","No appeal against judgments where both parties agreed.","Section 96","Appeal from original decree"
"Code of Criminal Procedure, 1973","Any police officer may without an order from a Magistrate and without a warrant, arrest any person who has been concerned in any cognizable offence.","Police can arrest without warrant anyone involved in serious crimes.","Section 41","When police may arrest without warrant"
"Code of Criminal Procedure, 1973","In every trial the evidence of each witness shall be recorded in the presence of the accused.","Witness evidence must be recorded in presence of accused person.","Section 273","Evidence to be taken in presence of accused"
"Code of Criminal Procedure, 1973","Whenever a person is arrested and detained in custody, it shall be the duty of the person having the custody to take reasonable care of the health and safety of the arrested person.","Police must take reasonable care of health of arrested persons.","Section 55A","Health and safety of arrested person"
"Consumer Protection Act, 2019","A consumer means any person who buys any goods for a consideration which has been paid or promised or partly paid and partly promised.","Consumer is anyone who buys goods or uses services for payment.","Section 2(7)","Definition of consumer"
"Consumer Protection Act, 2019","A product manufacturer shall be liable to compensate for any harm caused to a consumer by such product.","Manufacturers responsible for compensating consumers for defective products.","Section 84","Product liability action"
"Information Technology Act, 2000","Whoever with the intent to cause or knowing that he is likely to cause wrongful loss or damage to the public or any person destroys or deletes or alters any information residing in a computer resource, commits hacking.","Unauthorized alteration or deletion of computer information is hacking.","Section 66","Computer related offences"
"Information Technology Act, 2000","Where any person without permission accesses or secures access to such computer, he shall be liable to pay damages by way of compensation.","Unauthorized computer access can result in compensation payments.","Section 43","Penalty and compensation for damage to computer, computer system, etc."
"Companies Act, 2013","Every company shall have a registered office within fifteen days of its incorporation.","Every company must have registered office within 15 days of incorporation.","Section 12","Registered office of company"
"Companies Act, 2013","Every company shall hold its first annual general meeting within a period of nine months from the date of closing of the first financial year.","First company meeting must be held within 9 months of financial year end.","Section 96","Annual general meeting"
"Negotiable Instruments Act, 1881","A negotiable instrument means a promissory note, bill of exchange or cheque payable either to order or to bearer.","Negotiable instruments include promissory notes, bills, and cheques.","Section 13","Negotiable instrument"
"Negotiable Instruments Act, 1881","Where any cheque drawn by a person on an account maintained by him with a banker for payment of any amount is returned by the bank unpaid, such person shall be deemed to have committed an offence.","Bouncing of cheque for payment is a criminal offense.","Section 138","Dishonour of cheque for insufficiency, etc., of funds in the account"
"Arbitration and Conciliation Act, 1996","Notwithstanding that an arbitration agreement is in writing, it shall be deemed to be in writing if it is contained in a document signed by the parties.","Arbitration agreement can be in written form through signed documents.","Section 7","Arbitration agreement"
"Arbitration and Conciliation Act, 1996","A party may raise a plea that the arbitral tribunal does not have jurisdiction.","Objection to arbitrator's jurisdiction must be raised early.","Section 16","Competence of arbitral tribunal to rule on its jurisdiction"
"Right to Information Act, 2005","Subject to the provisions of this Act, all citizens shall have the right to information.","All Indian citizens have right to seek information from public authorities.","Section 3","Right to information"
"Right to Information Act, 2005","It shall be the duty of the Public Information Officer to provide information to persons requesting for the information.","Public Information Officer must provide information to applicants.","Section 5","Designation of Public Information Officers"
"Environmental Protection Act, 1986","No person carrying on any industry, operation or process shall discharge or emit any environmental pollutant in excess of such standards as may be prescribed.","Industries cannot release pollutants beyond prescribed limits.","Section 7","Persons carrying on industry, operation, etc., not to allow emission or discharge of environmental pollutants in excess of the standards"
"Environmental Protection Act, 1986","Whoever fails to comply with any of the provisions of this Act shall be punishable with imprisonment for a term which may extend to five years or with fine.","Violating environmental laws can lead to 5 years imprisonment or fine.","Section 15","Penalty for contravention of the provisions of the Act and the rules, orders and directions"
"Motor Vehicles Act, 1988","No person shall drive a motor vehicle in any public place unless he holds an effective driving licence issued to him authorising him to drive the vehicle.","Driving without valid license in public places is illegal.","Section 3","Necessity for driving licence"
"Motor Vehicles Act, 1988","Whoever drives a motor vehicle in any public place without holding an effective driving licence shall be punishable.","Driving without license is punishable.","Section 181","Punishment for driving without licence"
"Protection of Children from Sexual Offences Act, 2012","Whoever commits penetrative sexual assault on a child shall be punished with imprisonment of either description for a term which shall not be less than ten years.","Penetrative sexual assault on child carries minimum 10 years imprisonment.","Section 4","Punishment for penetrative sexual assault"
"Protection of Children from Sexual Offences Act, 2012","Whoever uses a child for pornographic purposes shall be punished with imprisonment which may extend to five years and shall also be liable to fine.","Using children for pornography can lead to 5 years imprisonment and fine.","Section 14","Punishment for using child for pornographic purposes"
"Prevention of Corruption Act, 1988","Whoever, being a public servant, accepts or obtains any gratification other than legal remuneration, shall be punishable.","Public servants taking bribes can be punished.","Section 7","Public servant taking gratification other than legal remuneration in respect of an official act"
"Prevention of Corruption Act, 1988","Whoever abets any offence punishable under this Act shall be punishable with imprisonment for a term which shall not be less than three years.","Helping corruption offenses is punishable with 3+ years imprisonment.","Section 12","Punishment for abetment of offences"
"Hindu Succession Act, 1956","The property of a male Hindu dying intestate shall devolve according to the provisions of this Chapter.","Property of Hindu male without will follows specific inheritance rules.","Section 8","General rules of succession in the case of males"
"Hindu Succession Act, 1956","Notwithstanding anything contained in section 6, the daughter of a coparcener shall by birth become a coparcener in her own right in the same manner as the son.","Daughter has equal birth rights as son in ancestral property.","Section 6","Devolution of interest in coparcenary property"
"Specific Relief Act, 1963","The court may grant injunction to prevent the breach of an obligation existing in favour of the applicant.","Court can order injunction to prevent violation of legal obligations.","Section 36","Preventive relief how granted"
"Indian Evidence Act, 1872","Evidence may be given in any suit or proceeding of the existence or non-existence of every fact in issue and of such other facts as are hereinafter declared to be relevant.","Evidence can only be given about facts directly relevant to the case.","Section 5","Evidence may be given of facts in issue and relevant facts"
"Indian Evidence Act, 1872","No fact of which the court will take judicial notice need be proved.","Facts that are commonly known don't need to be proven.","Section 56","Facts judicially noticeable need not be proved"
"Limitation Act, 1963","The period of limitation for any suit, appeal or application shall be computed from the time when the right to sue accrues.","Time limit for legal action starts when right to take action arises.","Section 9","Continuous running of time"
"Limitation Act, 1963","Any suit for which no period of limitation is provided elsewhere shall be instituted within three years from the date when the right to sue accrues.","If no specific time limit, lawsuit must be filed within 3 years.","Article 113","Any suit for which no period of limitation is provided elsewhere in this Schedule"
"Registration Act, 1908","All non-testamentary documents which purport or operate to create any right, title or interest in immovable property shall be registered.","Property documents creating rights must be registered.","Section 17","Documents of which registration is compulsory"
"Registration Act, 1908","No document required by section 17 to be registered shall affect any immovable property unless it has been registered.","Unregistered property documents cannot affect property rights.","Section 49","Effect of non-registration of documents required to be registered"
"Sale of Goods Act, 1930","A contract of sale of goods is a contract whereby the seller transfers or agrees to transfer the property in goods to the buyer for a price.","Sale contract means transferring goods ownership to buyer for money.","Section 4","Sale and agreement to sell"
"Sale of Goods Act, 1930","The goods must be of merchantable quality, fit for the purpose for which such goods are commonly bought.","Goods sold must be of reasonable quality and fit for purpose.","Section 16","Implied conditions as to quality or fitness"
"Partnership Act, 1932","The relation between persons who have agreed to share the profits of a business carried on by all or any of them acting for all.","Partnership means relationship between persons sharing business profits.","Section 4","Definition of partnership"
"Partnership Act, 1932","Every partner is liable jointly with all the other partners for all acts of the firm done while he is a partner.","Each partner is personally liable for all partnership debts.","Section 25","Liability of a partner for acts of the firm"
"Easements Act, 1882","An easement is a right which the owner or occupier of certain land possesses for the beneficial enjoyment of that land.","Easement is right to use neighbor's land for beneficial enjoyment.","Section 4","Easement defined"
"Easements Act, 1882","The dominant owner is entitled to enjoy the easement without disturbance by any other person.","Easement holder has right to use easement without interference.","Section 26","Dominant owner's rights"
"Trusts Act, 1882","A trust is an obligation annexed to the ownership of property, and arising out of a confidence reposed in and accepted by the owner.","Trust means property ownership with obligation to use for another's benefit.","Section 3","Interpretation clause—trust"
"Trusts Act, 1882","The trustee is bound to fulfil the purpose of the trust, and to obey the directions of the author of the trust.","Trustee must fulfill trust purpose and follow directions.","Section 11","Trustee to execute trust"
"Stamp Act, 1899","Every instrument chargeable with duty shall be stamped before or at the time of execution.","Documents requiring stamp duty must be stamped before signing.","Section 17","Instruments executed in India"
"Stamp Act, 1899","No instrument chargeable with duty shall be admitted in evidence unless such instrument is duly stamped.","Unstamped documents cannot be used as evidence.","Section 35","Instruments not duly stamped inadmissible in evidence, etc."
"Legal Services Authorities Act, 1987","Every person who has to file or defend a case shall be entitled to legal services if that person is a member of a Scheduled Caste or Scheduled Tribe.","SC/ST community members have right to free legal services.","Section 12","Criteria for giving legal services"
"Legal Services Authorities Act, 1987","A woman or a child; a person with disability; a person under circumstances of undeserved want are entitled to legal services.","Women, children, disabled, and needy have right to free legal aid.","Section 12","Every person who has to file or defend a case shall be entitled to legal services"
"Maintenance and Welfare of Parents and Senior Citizens Act, 2007","A senior citizen including parent who is unable to maintain himself from his own earning shall be entitled to make an application for maintenance.","Senior citizens unable to support themselves can claim maintenance.","Section 4","Maintenance of parents and senior citizens"
"Maintenance and Welfare of Parents and Senior Citizens Act, 2007","A child or relative shall be liable to maintain a senior citizen if such child or relative neglects or refuses to maintain such senior citizen.","Children/relatives with means must maintain senior citizens.","Section 4","Maintenance of parents and senior citizens"
"Juvenile Justice (Care and Protection of Children) Act, 2015","No juvenile in conflict with law shall be sentenced to death or imprisonment for any term which may extend to imprisonment for life.","Juveniles cannot be given death sentence or life imprisonment.","Section 21","Order that may be passed regarding juvenile"
"Juvenile Justice (Care and Protection of Children) Act, 2015","No child shall be subjected to corporal punishment or mental harassment.","Children cannot be given physical punishment or mental harassment.","Section 75","Prohibition on disclosure of identity of children"
"Prevention of Money Laundering Act, 2002","Whosoever directly or indirectly attempts to indulge in any process or activity connected with the proceeds of crime shall be guilty of offence of money-laundering.","Money laundering involves handling illegal money to make it appear legal.","Section 3","Offence of money-laundering"
"Prevention of Money Laundering Act, 2002","Whoever commits the offence of money-laundering shall be punishable with rigorous imprisonment for a term which shall not be less than three years.","Money laundering is punishable with 3+ years rigorous imprisonment.","Section 4","Punishment for money-laundering"
"Goods and Services Tax Act, 2017","There shall be levied a tax called the goods and services tax on all supplies of goods or services or both.","GST tax is applied to all sales of goods and services in India.","Section 7","Scope of supply"
"Goods and Services Tax Act, 2017","Every registered person shall be entitled to take credit of input tax charged on any supply of goods or services.","Businesses can claim credit for GST paid on inputs.","Section 16","Eligibility and conditions for taking input tax credit"
"Indian Penal Code, 1860","Whoever causes the death of a person by doing any rash or negligent act not amounting to culpable homicide, shall be punished with imprisonment of either description for a term which may extend to two years, or with fine, or with both.","Causing death by careless or reckless action is punishable with up to 2 years imprisonment or fine.","Section 304A","Causing death by negligence"
"Indian Penal Code, 1860","Whoever, being bound by an oath or by any express provision of law to state the truth, makes any statement which is false, shall be punished.","Making false statements when legally required to tell truth is punishable.","Section 181","False statement on oath or affirmation to public servant"
"Indian Penal Code, 1860","Whoever gives or fabricates false evidence with intent to procure conviction of capital offence shall be punished with imprisonment for life, or with rigorous imprisonment for term which may extend to ten years.","Giving false evidence in death penalty cases is punishable with life imprisonment or up to 10 years.","Section 194","Giving or fabricating false evidence with intent to procure conviction of capital offence"
"Indian Penal Code, 1860","Whoever, being in any manner entrusted with property, dishonestly misappropriates or converts to his own use that property, commits criminal breach of trust.","Criminal breach of trust involves dishonestly using entrusted property for personal benefit.","Section 405","Defines criminal breach of trust"
"Indian Penal Code, 1860","Whoever commits criminal breach of trust shall be punished with imprisonment of either description for a term which may extend to three years, or with fine, or with both.","Criminal breach of trust is punishable with up to 3 years imprisonment or fine or both.","Section 406","Punishment for criminal breach of trust"
"Indian Penal Code, 1860","Whoever, by deceiving any person, fraudulently or dishonestly induces the person so deceived to deliver any property, commits cheating.","Cheating involves deceiving someone to dishonestly obtain property from them.","Section 415","Defines cheating"
"Indian Penal Code, 1860","Whoever cheats shall be punished with imprisonment of either description for a term which may extend to one year, or with fine, or with both.","Cheating is punishable with up to 1 year imprisonment or fine or both.","Section 417","Punishment for cheating"
"Indian Penal Code, 1860","Whoever, intending to cause, or knowing it to be likely that he will cause, wrongful loss or damage to the public or to any person, causes the destruction of any property, commits mischief.","Mischief involves intentionally causing damage or loss to property.","Section 425","Defines mischief"
"Indian Penal Code, 1860","Whoever commits mischief shall be punished with imprisonment of either description for a term which may extend to three months, or with fine, or with both.","Mischief is punishable with up to 3 months imprisonment or fine or both.","Section 426","Punishment for mischief"
"Indian Penal Code, 1860","Whoever, being a public servant, accepts or obtains, or agrees to accept, or attempts to obtain from any person, any gratification whatever, other than legal remuneration, as a motive or reward for doing any official act, shall be punished.","Public servants taking bribes for official acts can be punished.","Section 161","Punishment for public servant taking gratification other than legal remuneration"
"Indian Contract Act, 1872","When a person at whose option a contract is voidable rescinds it, the other party thereto need not perform any promise therein contained in which he is promisor. The party rescinding a voidable contract shall, if he has received any benefit thereunder from another party to such contract, restore such benefit.","When contract is cancelled, both parties should return any benefits received from the contract.","Section 64","Consequences of rescission of voidable contract"
"Indian Contract Act, 1872","Where a contract is discovered to be void, or when a contract becomes void, any person who has received any advantage under such contract is bound to restore it, or to make compensation for it, to the person from whom he received it.","If contract is found void, any benefits received must be returned or compensated.","Section 65","Obligation of person who has received advantage under void agreement"
"Indian Contract Act, 1872","In the event of breach of contract, the party who suffers by such breach is entitled to receive compensation for any loss which naturally arose in the usual course of things from such breach.","Compensation for contract breach covers losses that naturally result from the breach.","Section 73","Compensation for loss or damage caused by breach of contract"
"Indian Contract Act, 1872","When an obligation resembling those created by contract has been incurred and has not been discharged, any person injured by the failure to discharge it is entitled to receive the same compensation from the party in default.","Compensation available even when obligation arises without formal contract.","Section 70","Obligation of person enjoying benefit of non-gratuitous act"
"Indian Contract Act, 1872","A contract which is contingent upon the happening of a future uncertain event cannot be enforced by law unless and until that event has happened.","Contracts depending on uncertain future events can only be enforced after the event happens.","Section 32","Enforcement of contracts contingent on an event happening"
"Indian Contract Act, 1872","Contingent contracts to do or not to do anything if an uncertain future event happens cannot be enforced by law unless and until that event has happened.","Contracts based on 'if something happens' can only be enforced after it actually happens.","Section 31","Contingent contract definition and enforcement"
"Indian Contract Act, 1872","A contract to do or not to do something, if some event, which is collateral to such contract, does not happen, may be enforced when the happening of that event becomes impossible.","Contracts based on 'if something doesn't happen' can be enforced when that event becomes impossible.","Section 34","Enforcement of contracts contingent on an event not happening"
"Indian Contract Act, 1872","Where the consent of the promisor is caused by coercion, the contract is voidable at the option of the party whose consent was so caused.","Contracts made under pressure can be cancelled by the pressured party.","Section 19","Voidability of agreements without free consent"
"Indian Contract Act, 1872","When consent to an agreement is caused by undue influence, the agreement is a contract voidable at the option of the party whose consent was so caused.","Contracts made under excessive influence can be cancelled by the influenced party.","Section 19A","Power to set aside contract induced by undue influence"
"Code of Criminal Procedure, 1973","No female shall be sentenced to death.","Women cannot be given death sentence.","Section 416","Postponement of capital sentence on pregnant woman"
"Code of Criminal Procedure, 1973","When any person is sentenced to death, the sentence shall direct that he be hanged by the neck till he is dead.","Death sentence must specify hanging by neck until death.","Section 354","Form and contents of judgment in death sentence cases"
"Code of Criminal Procedure, 1973","In the case of any offence punishable with imprisonment for life, the Court may, for reasons to be recorded in writing, impose sentence of imprisonment for a term exceeding ten years.","Life imprisonment can be given for offenses punishable with life imprisonment, with reasons recorded.","Section 31","Sentence in cases of conviction of several offences at one trial"
"Code of Criminal Procedure, 1973","No woman shall be called to a police station for questioning.","Women cannot be called to police station for questioning.","Section 160","Police officer's power to require attendance of witnesses"
"Code of Criminal Procedure, 1973","In every inquiry or trial the proceedings shall be held as expeditiously as possible.","Court proceedings should be completed as quickly as possible.","Section 309","Power to postpone or adjourn proceedings"
"Code of Criminal Procedure, 1973","Any person accused of an offence before a Criminal Court, or against whom proceedings are instituted under this Code, may of right be defended by a pleader of his choice.","Every accused person has the right to be defended by a lawyer of their choice.","Section 303","Right of person against whom proceedings are instituted to be defended"
"Hindu Marriage Act, 1955","When a marriage has been dissolved by a decree of divorce and either there is no right of appeal against the decree or, if there is such a right of appeal, the time for appealing has expired without an appeal having been presented, the parties may marry again.","After divorce becomes final, both parties are free to remarry.","Section 15","Divorced persons when may marry again"
"Hindu Marriage Act, 1955","Where in any proceeding under this Act it appears to the court that either the wife or the husband, as the case may be, has no independent income sufficient for her or his support and the necessary expenses of the proceeding, it may order the respondent to pay to the petitioner the expenses of the proceeding.","Court can order payment of legal expenses if spouse has no independent income.","Section 24","Maintenance pendente lite and expenses of proceedings"
"Hindu Succession Act, 1956","When a female Hindu dies intestate, her property shall devolve according to the rules set out in section 16.","Property of Hindu female without will follows specific inheritance rules.","Section 15","General rules of succession in the case of female Hindus"
"Hindu Succession Act, 1956","Any property possessed by a female Hindu, whether acquired before or after the commencement of this Act, shall be held by her as full owner thereof and not as a limited owner.","Hindu women have full ownership rights over their property, not limited ownership.","Section 14","Property of a female Hindu to be her absolute property"
"Hindu Adoption and Maintenance Act, 1956","No person shall be capable of being taken in adoption unless he or she is a Hindu, he or she has not already been adopted, he or she has not been married, unless there is a custom or usage applicable to the parties which permits persons who are married being taken in adoption.","Only unmarried Hindu children can be adopted, unless custom allows married persons adoption.","Section 10","Persons who may be adopted"
"Hindu Adoption and Maintenance Act, 1956","No adoption shall be made after the adoptee has completed the age of fifteen years, unless there is a custom or usage applicable to the parties which permits persons who have completed the age of fifteen years being taken in adoption.","Adoption generally not allowed after child turns 15, unless custom permits.","Section 10","Age for adoption"
"Hindu Adoption and Maintenance Act, 1956","A Hindu wife shall be entitled to be maintained by her husband during her lifetime.","Hindu wife has right to be maintained by her husband throughout her life.","Section 18","Maintenance of wife"
"Hindu Minority and Guardianship Act, 1956","The natural guardians of a Hindu minor, in respect of the minor's person as well as in respect of the minor's property, are the father, and after him, the mother.","Natural guardians of Hindu minor are: first father, then mother.","Section 6","Natural guardians of a Hindu minor"
"Hindu Minority and Guardianship Act, 1956","The natural guardian of a Hindu minor has power, subject to the provisions of this section, to do all acts which are necessary or reasonable and proper for the benefit of the minor or for the realization, protection or benefit of the minor's estate.","Natural guardian can take necessary actions for minor's benefit and property protection.","Section 8","Powers of natural guardian"
"Muslim Personal Law","A Muslim woman married under Muslim law shall be entitled to obtain a decree for the dissolution of her marriage on the ground that the husband has neglected or has failed to provide for her maintenance for a period of two years.","Muslim wife can seek divorce if husband fails to provide maintenance for 2 years.","Dissolution of Muslim Marriages Act, 1939","Grounds for Muslim woman to seek divorce"
"Muslim Personal Law","The dower may be fixed either before or at the time of marriage or after the marriage.","Mehr (dower) can be decided before, during, or after marriage.","Muslim Law","Provisions regarding dower in Muslim marriage"
"Muslim Personal Law","A Muslim husband may dissolve the marriage by pronouncing talaq.","Muslim husband can divorce by pronouncing talaq.","Muslim Law","Talaq provisions in Muslim law"
"Muslim Personal Law","The mother shall be entitled to the custody of her minor child up to the age of seven years in the case of a boy and upto the age of puberty in the case of a girl.","Mother has custody rights: for son until age 7, for daughter until puberty.","Muslim Law","Hizanat (custody) rights of mother"
"Muslim Personal Law","A Muslim is entitled to bequeath by will only one-third of his property.","Muslim can will only one-third of property, rest follows inheritance rules.","Muslim Law","Will restrictions in Muslim law"
"Special Marriage Act, 1954","Any marriage celebrated, whether before or after the commencement of this Act, may be dissolved by a decree of divorce on the petition of either the husband or the wife on the ground that the other party has, after the solemnization of the marriage, had voluntary sexual intercourse with any person other than his or her spouse.","Marriage under Special Marriage Act can be dissolved if either spouse has extramarital affair.","Section 27","Grounds for divorce under Special Marriage Act"
"Special Marriage Act, 1954","Any marriage under this Act may be solemnized in any form which the parties may choose to adopt.","Marriages under this Act can be performed in any form chosen by the parties.","Section 12","Form of solemnization of marriage"
"Special Marriage Act, 1954","When a marriage has been dissolved and either there is no right of appeal against the decree or if there is such a right of appeal, the time for appealing has expired without an appeal having been presented, either party to the marriage may marry again.","After divorce becomes final under this Act, parties can remarry.","Section 30","Divorced persons when may marry again"
"Negotiable Instruments Act, 1881","Whoever commits an offence under section 138 shall be punished with imprisonment for a term which may extend to two years, or with fine which may extend to twice the amount of the cheque, or with both.","Cheque bouncing is punishable with up to 2 years imprisonment or double the cheque amount as fine or both.","Section 138","Punishment for dishonour of cheque"
"Negotiable Instruments Act, 1881","A promissory note is an instrument in writing containing an unconditional undertaking, signed by the maker, to pay a certain sum of money only to, or to the order of, a certain person, or to the bearer of the instrument.","Promissory note is a written promise to pay specific amount to specific person or bearer.","Section 4","Defines promissory note"
"Negotiable Instruments Act, 1881","A bill of exchange is an instrument in writing containing an unconditional order, signed by the maker, directing a certain person to pay a certain sum of money only to, or to the order of, a certain person or to the bearer of the instrument.","Bill of exchange is a written order to pay specific amount to specific person or bearer.","Section 5","Defines bill of exchange"
"Negotiable Instruments Act, 1881","A cheque is a bill of exchange drawn on a specified banker and not expressed to be payable otherwise than on demand.","Cheque is a type of bill of exchange payable on demand from a bank.","Section 6","Defines cheque"
"Consumer Protection Act, 2019","The District Commission shall have jurisdiction to entertain complaints where the value of the goods or services paid as consideration does not exceed one crore rupees.","District consumer court can hear cases involving claims up to ₹1 crore.","Section 34","Jurisdiction of District Commission"
"Consumer Protection Act, 2019","The State Commission shall have jurisdiction to entertain complaints where the value of the goods or services paid as consideration exceeds one crore rupees but does not exceed ten crore rupees.","State consumer court can hear cases involving claims between ₹1 crore and ₹10 crore.","Section 47","Jurisdiction of State Commission"
"Consumer Protection Act, 2019","The National Commission shall have jurisdiction to entertain complaints where the value of the goods or services paid as consideration exceeds ten crore rupees.","National consumer court can hear cases involving claims over ₹10 crore.","Section 58","Jurisdiction of National Commission"
"Right to Information Act, 2005","An information shall ordinarily be provided in the form in which it is sought unless it would disproportionately divert the resources of the public authority or would be detrimental to the safety or preservation of the record in question.","Information should be provided in requested format unless it would harm records or require excessive resources.","Section 7","Disposal of request for information"
"Right to Information Act, 2005","Where a decision is taken to provide the information on payment of any further fee representing the cost of providing the information, the Central Public Information Officer shall send an intimation to the person making the request.","If additional fees are required for providing information, applicant must be informed about the details.","Section 7","Fees for providing information"
"Right to Information Act, 2005","Notwithstanding anything contained in this Act, there shall be no obligation to give any citizen information which would prejudicially affect the sovereignty and integrity of India.","Certain sensitive information affecting national security and interests can be withheld.","Section 8","Exemption from disclosure of information"
"Information Technology Act, 2000","Whoever commits hacking shall be punished with imprisonment up to three years, or with fine which may extend to five lakh rupees, or with both.","Hacking is punishable with up to 3 years imprisonment or ₹5 lakh fine or both.","Section 66","Punishment for hacking"
"Information Technology Act, 2000","Whoever sends by means of a computer resource any information that is grossly offensive or has menacing character shall be punishable.","Sending offensive or false information through computers is punishable.","Section 66A","Punishment for sending offensive messages through communication service"
"Information Technology Act, 2000","Whoever, intentionally or knowingly captures, publishes or transmits the image of a private area of any person without his or her consent, under circumstances violating the privacy of that person, shall be punished.","Taking or sharing private images without consent violating privacy is punishable.","Section 66E","Punishment for violation of privacy"
"Information Technology Act, 2000","Whoever, knowingly or intentionally conceals, destroys or alters any computer source code used for a computer resource with an intention to cause damage, shall be punishable.","Destroying or altering computer source code with intent to cause damage is punishable.","Section 65","Tampering with computer source documents"
"Companies Act, 2013","Every company shall prepare its financial statements in accordance with the accounting standards.","Companies must prepare financial statements following accounting standards.","Section 129","Financial statement preparation requirements"
"Companies Act, 2013","The Board of Directors of every company shall consist of individuals as directors and shall have a minimum number of three directors in the case of a public company, two directors in the case of a private company.","Minimum directors required: Public company-3, Private company-2, One Person Company-1.","Section 149","Company to have Board of Directors"
"Companies Act, 2013","No company shall appoint or re-appoint any person as its managing director, whole-time director or manager for a term exceeding five years at a time.","Managing director or whole-time director cannot be appointed for more than 5 years at once.","Section 196","Appointment of managing director, whole-time director or manager"
"Companies Act, 2013","Every company having a paid-up share capital of five crore rupees or more shall constitute a Corporate Social Responsibility Committee of the Board.","Companies with ₹5 crore+ paid-up capital must have CSR committee.","Section 135","Corporate Social Responsibility"
"Companies Act, 2013","The Board of every company shall ensure that the company spends, in every financial year, at least two per cent of the average net profits of the company made during the three immediately preceding financial years.","Companies must spend at least 2% of average net profits of last 3 years on CSR activities.","Section 135","CSR spending requirement"
"Goods and Services Tax Act, 2017","The input tax credit shall be availed by a registered person on the basis of any of the following documents, namely: an invoice issued by the supplier of goods or services or both.","Input tax credit can be claimed based on invoices from suppliers.","Section 16","Documents for claiming input tax credit"
"Goods and Services Tax Act, 2017","Every registered person required to deduct tax at source under section 51 shall furnish a return in such form and manner as may be prescribed.","Persons required to deduct TDS must file returns in prescribed format.","Section 39","Furnishing of returns"
"Goods and Services Tax Act, 2017","Any registered person who fails to furnish the details of outward or inward supplies required under section 37 by the due date shall be liable to pay a late fee of one hundred rupees for every day.","Late filing of supply details attracts ₹100 per day late fee.","Section 47","Levy of late fee for delayed filing of return"
"Arbitration and Conciliation Act, 1996","The arbitral tribunal shall make an arbitral award within a period of twelve months from the date the arbitral tribunal enters upon the reference.","Arbitration award should be made within 12 months from when tribunal starts proceedings.","Section 29A","Time limit for arbitral award"
"Arbitration and Conciliation Act, 1996","An arbitral award shall be final and binding on the parties and persons claiming under them respectively.","Arbitration award is final and legally binding on all parties involved.","Section 35","Finality of arbitral awards"
"Arbitration and Conciliation Act, 1996","Recourse to a Court against an arbitral award may be made only by an application for setting aside such award in accordance with sub-section (2) and sub-section (3).","Court can only interfere with arbitration award through specific setting aside procedure.","Section 34","Application for setting aside arbitral award"
"Transfer of Property Act, 1882","Sale is a transfer of ownership in exchange for a price paid or promised or part-paid and part-promised.","Sale means transferring property ownership for money paid or promised.","Section 54","Defines sale of immovable property"
"Transfer of Property Act, 1882","Gift is the transfer of certain existing movable or immovable property made voluntarily and without consideration, by one person, called the donor, to another, called the donee, and accepted by or on behalf of the donee.","Gift means transferring property voluntarily without payment, from donor to donee.","Section 122","Defines gift"
"Transfer of Property Act, 1882","An exchange is a mutual transfer of ownership of one thing for the ownership of another.","Exchange means swapping ownership of one property for another property.","Section 118","Defines exchange"
"Indian Evidence Act, 1872","Facts which, though not in issue, are so connected with a fact in issue as to form part of the same transaction, are relevant, whether they occurred at the same time and place or at different times and places.","Facts connected to the main issue as part of same transaction are relevant evidence.","Section 6","Relevancy of facts forming part of same transaction"
"Indian Evidence Act, 1872","Any fact which enables the court to determine the amount of damages which ought to be awarded is relevant.","Facts that help determine compensation amount are relevant evidence.","Section 12","Facts relevant to determine damages"
"Indian Evidence Act, 1872","When one person has, by his declaration, act or omission, intentionally caused or permitted another person to believe a thing to be true and to act upon such belief, neither he nor his representative shall be allowed to deny the truth of that thing.","If someone makes another believe something is true and they act on it, the first person cannot later deny it.","Section 115","Estoppel principle in evidence"
"Indian Evidence Act, 1872","No witness who is not a party to a suit shall be compelled to produce his title-deeds to any property.","Witnesses cannot be forced to produce documents that might incriminate them or reveal property titles.","Section 130","Production of documents which another person, having possession, could refuse to produce"
"Code of Civil Procedure, 1908","The Court may, either on its own motion or on the application of any party, order any fact to be proved by affidavit.","Court can allow facts to be proved through written statements (affidavits).","Order 19 Rule 1","Power to order any point to be proved by affidavit"
"Code of Civil Procedure, 1908","No second appeal shall lie except on the grounds of substantial question of law.","Second appeal to High Court only allowed for important legal questions, not factual disputes.","Section 100","Second appeal restrictions"
"Code of Civil Procedure, 1908","The Court may, if it thinks fit, make an order for security for costs at any stage of the suit.","Court can order plaintiff to deposit security money for defendant's legal costs.","Section 148A","Power to order security for costs"
"Motor Vehicles Act, 1988","No person shall drive a motor vehicle in any public place, and no owner of a motor vehicle shall cause or permit the vehicle to be driven in any public place, unless the vehicle is covered by a policy of insurance.","All vehicles must have valid insurance before being driven on public roads.","Section 146","Necessity for insurance against third party risks"
"Motor Vehicles Act, 1988","Whoever drives a motor vehicle in any public place without holding an effective policy of insurance shall be punishable with imprisonment which may extend to three months, or with fine which may extend to one thousand rupees, or with both.","Driving without insurance can lead to 3 months imprisonment or ₹1000 fine or both.","Section 196","Penalty for driving without insurance"
"Motor Vehicles Act, 1988","Whoever drives a motor vehicle at a speed or in a manner which is dangerous to the public, having regard to all the circumstances of the case, shall be punishable.","Dangerous driving is punishable under the Act.","Section 184","Punishment for dangerous driving"
"Environmental Protection Act, 1986","Where any offence under this Act has been committed by a company, every person who, at the time the offence was committed, was directly in charge of, and was responsible to the company for the conduct of the business of the company, shall be deemed to be guilty of the offence.","Company officials can be held personally liable for environmental offenses committed by company.","Section 16","Offences by companies"
"Water (Prevention and Control of Pollution) Act, 1974","No person shall knowingly cause or permit any poisonous, noxious or polluting matter determined in accordance with such standards as may be laid down by the State Board to enter into any stream or well or sewer or on land.","No one can knowingly allow pollutants to enter water bodies beyond prescribed standards.","Section 24","Prohibits water pollution"
"Air (Prevention and Control of Pollution) Act, 1981","No person operating any industrial plant shall discharge or cause or permit to be discharged the emission of any air pollutant in excess of the standards laid down by the State Board.","Industries cannot release air pollutants beyond prescribed standards.","Section 22","Restrictions on emission of air pollutants"
"Wild Life (Protection) Act, 1972","No person shall hunt any wild animal specified in Schedules I, II, III and IV except as provided under section 11 and section 12.","Hunting protected wild animals is prohibited except under specific permissions.","Section 9","Prohibition of hunting of wild animals"
"Forest (Conservation) Act, 1980","Notwithstanding anything contained in any other law for the time being in force in a State, no State Government shall make, except with the prior approval of the Central Government, any order directing that any forest land may be used for any non-forest purpose.","Forest land cannot be used for non-forest purposes without central government approval.","Section 2","Restriction on the dereservation of forests or use of forest land for non-forest purpose"
"Prevention of Corruption Act, 1988","Whoever commits the offence of criminal misconduct shall be punishable with imprisonment for a term which shall be not less than four years but which may extend to ten years and shall also be liable to fine.","Criminal misconduct by public servant is punishable with 4-10 years imprisonment and fine.","Section 13","Criminal misconduct by a public servant"
"Prevention of Money Laundering Act, 2002","Whoever commits the offence of money-laundering shall be punishable with rigorous imprisonment for a term which shall not be less than three years but which may extend to seven years and shall also be liable to fine.","Money laundering is punishable with 3-7 years rigorous imprisonment and fine.","Section 4","Punishment for money-laundering"
"Protection of Children from Sexual Offences Act, 2012","Whoever commits sexual harassment upon a child shall be punished with imprisonment of either description for a term which may extend to three years and shall also be liable to fine.","Sexual harassment of child is punishable with up to 3 years imprisonment and fine.","Section 12","Punishment for sexual harassment"
"Protection of Children from Sexual Offences Act, 2012","The evidence of the child shall be recorded within a period of thirty days of the special court taking cognizance of the offence.","Child's evidence must be recorded within 30 days of court taking case.","Section 35","Procedure for recording evidence of child"
"Juvenile Justice (Care and Protection of Children) Act, 2015","No juvenile in conflict with law shall be sentenced to death or imprisonment for any term which may extend to imprisonment for life.","Juveniles cannot be given death sentence or life imprisonment.","Section 21","Prohibition of certain punishments for juvenile in conflict with law"
"Juvenile Justice (Care and Protection of Children) Act, 2015","No child shall be subjected to corporal punishment or mental harassment.","Children cannot be given physical punishment or mental harassment.","Section 75","Prohibition of corporal punishment"
"Maintenance and Welfare of Parents and Senior Citizens Act, 2007","A senior citizen including parent who is unable to maintain himself from his own earning or out of the property owned by him, shall be entitled to make an application for maintenance.","Senior citizens and parents unable to support themselves can claim maintenance from children/relatives.","Section 4","Maintenance of parents and senior citizens"
"Maintenance and Welfare of Parents and Senior Citizens Act, 2007","A child or relative, as the case may be, shall be liable to maintain a senior citizen including parent, if such child or relative, being possessed of sufficient means, neglects or refuses to maintain such senior citizen.","Children/relatives with sufficient means must maintain senior citizens/parents who cannot support themselves.","Section 4","Obligation of children to maintain parents"
"Legal Services Authorities Act, 1987","Every person who has to file or defend a case shall be entitled to legal services under this Act if that person is a member of a Scheduled Caste or Scheduled Tribe.","SC/ST community members have right to free legal services for court cases.","Section 12","Criteria for giving legal services"
"Legal Services Authorities Act, 1987","A woman or a child; a person with disability; a person under circumstances of undeserved want such as being a victim of a mass disaster, ethnic violence, caste atrocity, flood, drought, earthquake or industrial disaster; or an industrial workman; or in custody, are entitled to legal services.","Women, children, disabled, disaster victims, workers, and persons in custody have right to free legal aid.","Section 12","Persons entitled to legal services"
"Specific Relief Act, 1963","Any person suing for the specific performance of a contract may also ask for compensation for its breach, either in addition to, or in substitution of, such performance.","Person seeking contract enforcement can also claim compensation for breach.","Section 21","Power to award compensation in certain cases"
"Specific Relief Act, 1963","Temporary injunctions are such as are to continue until a specified time, or until the further order of the court.","Temporary injunctions last for specified time or until court orders otherwise.","Section 37","Temporary and perpetual injunctions"
"Limitation Act, 1963","The period of limitation for a suit to recover possession of immovable property is twelve years from the date when the possession of the defendant becomes adverse to the plaintiff.","Property possession recovery lawsuit must be filed within 12 years from when adverse possession started.","Article 65","Suit for possession of immovable property"
"Registration Act, 1908","All non-testamentary documents which purport or operate to create, declare, assign, limit or extinguish, whether in present or in future, any right, title or interest, whether vested or contingent, of the value of one hundred rupees and upwards, to or in immovable property, shall be registered.","Property documents creating rights worth ₹100+ must be registered.","Section 17","Documents of which registration is compulsory"
"Stamp Act, 1899","Every instrument chargeable with duty shall be stamped before or at the time of execution.","Documents requiring stamp duty must be stamped before or when signed.","Section 17","Instruments executed in India"
"Stamp Act, 1899","No instrument chargeable with duty shall be admitted in evidence for any purpose by any person having by law or consent of parties authority to receive evidence, unless such instrument is duly stamped.","Unstamped documents cannot be used as evidence in legal proceedings.","Section 35","Instruments not duly stamped inadmissible in evidence"
"Partnership Act, 1932","A partner may retire with the consent of all the other partners, or in accordance with an express agreement by the partners, or where the partnership is at will, by giving notice in writing to all the other partners of his intention to retire.","Partner can retire with consent of all partners, as per agreement, or by notice in partnership at will.","Section 32","Retirement of a partner"
"Sale of Goods Act, 1930","Where there is a contract for the sale of unascertained goods, no property in the goods is transferred to the buyer unless and until the goods are ascertained.","For unspecified goods, ownership transfers only when specific goods are identified.","Section 18","Goods must be ascertained"
"Easements Act, 1882","An easement is a right which the owner or occupier of certain land possesses, as such, for the beneficial enjoyment of that land, to do and continue to do something, or to prevent and continue to prevent something being done, in or upon, or in respect of, certain other land not his own.","Easement is right to use neighbor's land for beneficial enjoyment of one's own land.","Section 4","Definition of easement"
"Trusts Act, 1882","A trust is an obligation annexed to the ownership of property, and arising out of a confidence reposed in and accepted by the owner, or declared and accepted by him, for the benefit of another, or of another and the owner.","Trust means property ownership with obligation to use it for another's benefit.","Section 3","Definition of trust"
"Indian Penal Code, 1860","Whoever attempts to commit an offence punishable by this Code with imprisonment for life or imprisonment, or to cause such an offence to be committed, and in such attempt does any act towards the commission of the offence, shall be punished.","Attempting to commit serious crimes is itself a punishable offense.","Section 511","Punishment for attempting to commit offences"
"Indian Penal Code, 1860","Whoever, being bound by an oath or by an express provision of law to state the truth, or being bound by law to make a declaration upon any subject, makes any statement which is false, and which he either knows or believes to be false or does not believe to be true, is said to give false evidence.","Giving false statement when legally required to tell truth is giving false evidence.","Section 191","Definition of giving false evidence"
"Indian Penal Code, 1860","Whoever gives or fabricates false evidence, intending thereby to cause, or knowing it to be likely that he will thereby cause, any person to be convicted of an offence which is capital by the law for the time being in force in India, shall be punished with imprisonment for life.","Giving false evidence in death penalty cases is punishable with life imprisonment.","Section 194","Giving false evidence in capital cases"
"Indian Penal Code, 1860","Whoever uses any false evidence knowing the same to be false, shall be punished in the same manner as if he gave or fabricated false evidence.","Using false evidence knowingly is as punishable as creating false evidence.","Section 196","Using evidence known to be false"
"Indian Penal Code, 1860","Whoever issues or signs any certificate required by law to be given or signed, or relating to any fact of which such certificate is by law admissible in evidence, knowing or believing that such certificate is false in any material point, shall be punished.","Issuing false certificates is punishable like giving false evidence.","Section 197","Issuing or signing false certificate"
"Indian Penal Code, 1860","Whoever, knowing or having reason to believe that an offence has been committed, causes any evidence of the commission of that offence to disappear, with the intention of screening the offender from legal punishment, shall be punished.","Hiding evidence to protect offender from punishment is a crime.","Section 201","Causing disappearance of evidence"
"Indian Penal Code, 1860","Whoever, knowing or having reason to believe that an offence has been committed, gives any information respecting that offence which he knows or believes to be false, shall be punished.","Giving false information about a crime is punishable.","Section 203","Giving false information respecting an offence"
"Indian Penal Code, 1860","Whoever, being a public servant, and being, as such public servant, charged with the preparation or translation of any document, frames or translates that document in a manner which he knows or believes to be incorrect, intending thereby to cause injury to any person, shall be punished.","Public servant preparing incorrect documents to harm someone is punishable.","Section 167","Public servant framing incorrect document"
"Indian Penal Code, 1860","Whoever, being a public servant, corruptly or maliciously makes or pronounces in any stage of a judicial proceeding any report, order, verdict, or decision which he knows to be contrary to law, shall be punished.","Public servant giving illegal judgments or orders corruptly is punishable.","Section 219","Public servant making report contrary to law"
"Indian Penal Code, 1860","Whoever voluntarily causes hurt shall be punished with imprisonment of either description for a term which may extend to one year, or with fine which may extend to one thousand rupees, or with both.","Causing simple injury is punishable with up to 1 year imprisonment or ₹1000 fine.","Section 323","Punishment for voluntarily causing hurt"
"Indian Penal Code, 1860","Whoever voluntarily causes grievous hurt shall be punished with imprisonment of either description for a term which may extend to seven years, and shall also be liable to fine.","Causing serious injury is punishable with up to 7 years imprisonment and fine.","Section 325","Punishment for voluntarily causing grievous hurt"
"Indian Penal Code, 1860","Whoever voluntarily causes hurt by means of any instrument for shooting, stabbing or cutting, or any instrument which, used as a weapon of offence, is likely to cause death, shall be punished.","Causing injury with dangerous weapons is punishable.","Section 324","Voluntarily causing hurt by dangerous weapons"
"Indian Penal Code, 1860","Whoever kidnaps any person from India or from lawful guardianship, shall be punished with imprisonment of either description for a term which may extend to seven years, and shall also be liable to fine.","Kidnapping is punishable with up to 7 years imprisonment and fine.","Section 363","Punishment for kidnapping"
"Indian Penal Code, 1860","Whoever kidnaps or abducts any woman to compel her marriage, or for any other unlawful purpose, shall be punished with imprisonment of either description for a term which may extend to ten years.","Kidnapping woman for marriage is punishable with up to 10 years imprisonment.","Section 366","Kidnapping to compel marriage"
"Indian Penal Code, 1860","Whoever imports, exports, removes, buys, sells or disposes of any person as a slave, or accepts, receives or detains against his will any person as a slave, shall be punished.","Slavery and slave trade are punishable offenses.","Section 370","Buying or disposing of any person as a slave"
"Indian Penal Code, 1860","Whoever, by means of criminal intimidation, commits extortion, shall be punished with imprisonment of either description for a term which may extend to two years, or with fine, or with both.","Extortion through threats is punishable with up to 2 years imprisonment.","Section 388","Extortion by threat of accusation of an offence punishable with death"
"Indian Penal Code, 1860","Whoever, being a public servant, knowingly disobeys any direction of the law as to the way in which he is to conduct himself as such public servant, intending to cause injury to any person, shall be punished.","Public servant knowingly disobeying legal directions is punishable.","Section 166","Public servant disobeying law"
"Indian Penal Code, 1860","Whoever, being a public servant, and being as such public servant, charged with the custody of any document, voluntarily allows any person to take away or secrete that document, shall be punished.","Public servant allowing document removal from custody is punishable.","Section 225","Resistance or obstruction to lawful apprehension"
"Indian Penal Code, 1860","Whoever, being a public servant, and being as such public servant, charged with the custody of any document, voluntarily allows any person to take away or secrete that document, shall be punished.","Public servant negligently allowing document removal is punishable.","Section 225","Public servant negligently suffering such escape"
"Indian Penal Code, 1860","Whoever, being a public servant, and being as such public servant, charged with the custody of any document, voluntarily allows any person to take away or secrete that document, shall be punished.","Public servant allowing prisoner escape is punishable.","Section 225","Public servant voluntarily allowing prisoner to escape"
"Indian Penal Code, 1860","Whoever, being a public servant, and being as such public servant, charged with the custody of any document, voluntarily allows any person to take away or secrete that document, shall be punished.","Public servant negligently allowing prisoner escape is punishable.","Section 225","Public servant negligently suffering prisoner to escape"
"Indian Penal Code, 1860","Whoever, being a public servant, and being as such public servant, charged with the custody of any document, voluntarily allows any person to take away or secrete that document, shall be punished.","Public servant aiding prisoner escape is punishable.","Section 225","Public servant aiding escape of prisoner"
"Indian Penal Code, 1860","Whoever, being a public servant, and being as such public servant, charged with the custody of any document, voluntarily allows any person to take away or secrete that document, shall be punished.","Public servant harboring escaped prisoner is punishable.","Section 225","Harbouring escaped prisoner"
"Indian Penal Code, 1860","Whoever, being a public servant, and being as such public servant, charged with the custody of any document, voluntarily allows any person to take away or secrete that document, shall be punished.","Public servant omitting to apprehend escaped prisoner is punishable.","Section 225","Public servant omitting to apprehend escaped prisoner"
"Indian Penal Code, 1860","Whoever, being a public servant, and being as such public servant, charged with the custody of any document, voluntarily allows any person to take away or secrete that document, shall be punished.","Public servant omitting to assist in apprehending escaped prisoner is punishable.","Section 225","Public servant omitting to assist in apprehending escaped prisoner"
"Indian Penal Code, 1860","Whoever, being a public servant, and being as such public servant, charged with the custody of any document, voluntarily allows any person to take away or secrete that document, shall be punished.","Public servant resisting lawful apprehension is punishable.","Section 225","Resistance or obstruction to lawful apprehension"
"Indian Penal Code, 1860","Whoever, being a public servant, and being as such public servant, charged with the custody of any document, voluntarily allows any person to take away or secrete that document, shall be punished.","Public servant escaping from lawful custody is punishable.","Section 225","Escape from lawful custody"
"Indian Penal Code, 1860","Whoever, being a public servant, and being as such public servant, charged with the custody of any document, voluntarily allows any person to take away or secrete that document, shall be punished.","Public servant rescuing from lawful custody is punishable.","Section 225","Rescue from lawful custody"
"Indian Penal Code, 1860","Whoever, being a public servant, and being as such public servant, charged with the custody of any document, voluntarily allows any person to take away or secrete that document, shall be punished.","Public servant harbouring offender is punishable.","Section 212","Harbouring offender"
"Indian Penal Code, 1860","Whoever, being a public servant, and being as such public servant, charged with the custody of any document, voluntarily allows any person to take away or secrete that document, shall be punished.","Public servant taking gift to screen offender is punishable.","Section 213","Taking gift, etc., to screen an offender from punishment"
"Indian Penal Code, 1860","Whoever, being a public servant, and being as such public servant, charged with the custody of any document, voluntarily allows any person to take away or secrete that document, shall be punished.","Public servant offering gift to screen offender is punishable.","Section 214","Offering gift or restoration of property in consideration of screening offender"
"Indian Penal Code, 1860","Whoever, being a public servant, and being as such public servant, charged with the custody of any document, voluntarily allows any person to take away or secrete that document, shall be punished.","Public servant taking gift to help recover stolen property is punishable.","Section 215","Taking gift to help to recover stolen property, etc."
"Indian Penal Code, 1860","Whoever, being a public servant, and being as such public servant, charged with the custody of any document, voluntarily allows any person to take away or secrete that document, shall be punished.","Public servant harbouring robber or dacoit is punishable.","Section 216","Harbouring robber or dacoit"
"Indian Penal Code, 1860","Whoever, being a public servant, and being as such public servant, charged with the custody of any document, voluntarily allows any person to take away or secrete that document, shall be punished.","Public servant harbouring offender of capital offence is punishable.","Section 216A","Harbouring offenders of certain offences"
"Indian Penal Code, 1860","Whoever, being a public servant, and being as such public servant, charged with the custody of any document, voluntarily allows any person to take away or secrete that document, shall be punished.","Public servant omitting to apprehend or suffer escape of person charged with capital offence is punishable.","Section 221","Intentional omission to apprehend on the part of public servant bound to apprehend"
"Indian Penal Code, 1860","Whoever, being a public servant, and being as such public servant, charged with the custody of any document, voluntarily allows any person to take away or secrete that document, shall be punished.","Public servant negligently suffering escape of person charged with capital offence is punishable.","Section 222","Intentional omission to apprehend on the part of public servant bound to apprehend persons under sentence or lawfully committed"
"Indian Penal Code, 1860","Whoever, being a public servant, and being as such public servant, charged with the custody of any document, voluntarily allows any person to take away or secrete that document, shall be punished.","Public servant escaping from custody or omitting to apprehend is punishable.","Section 225","Escape from confinement or custody negligently suffered by public servant"
"Indian Penal Code, 1860","Whoever, being a public servant, and being as such public servant, charged with the custody of any document, voluntarily allows any person to take away or secrete that document, shall be punished.","Public servant resisting or obstructing lawful apprehension is punishable.","Section 225","Resistance or obstruction to lawful apprehension, or escape or rescue"
"Indian Penal Code, 1860","Whoever, being a public servant, and being as such public servant, charged with the custody of any document, voluntarily allows any person to take away or secrete that document, shall be punished.","Public servant intentionally omitting to apprehend is punishable.","Section 221","Intentional omission to apprehend on the part of public servant bound to apprehend"
"Indian Penal Code, 1860","Whoever, being a public servant, and being as such public servant, charged with the custody of any document, voluntarily allows any person to take away or secrete that document, shall be punished.","Public servant negligently suffering escape is punishable.","Section 222","Negligent suffering of escape from confinement or custody"
"Indian Penal Code, 1860","Whoever, being a public servant, and being as such public servant, charged with the custody of any document, voluntarily allows any person to take away or secrete that document, shall be punished.","Public servant resisting or obstructing lawful apprehension is punishable.","Section 225","Resistance or obstruction to lawful apprehension"
"Indian Penal Code, 1860","Whoever, being a public servant, and being as such public servant, charged with the custody of any document, voluntarily allows any person to take away or secrete that document, shall be punished.","Public servant escaping from lawful custody is punishable.","Section 225","Escape from lawful custody"
"Indian Penal Code, 1860","Whoever, being a public servant, and being as such public servant, charged with the custody of any document, voluntarily allows any person to take away or secrete that document, shall be punished.","Public servant rescuing from lawful custody is punishable.","Section 225","Rescue from lawful custody"
"Indian Contract Act, 1872","When a person at whose option a contract is voidable rescinds it, the other party thereto need not perform any promise therein contained in which he is promisor. The party rescinding a voidable contract shall, if he has received any benefit thereunder from another party to such contract, restore such benefit.","When contract is cancelled, both parties should return any benefits received from the contract.","Section 64","Consequences of rescission of voidable contract"
"Indian Contract Act, 1872","Where a contract is discovered to be void, or when a contract becomes void, any person who has received any advantage under such contract is bound to restore it, or to make compensation for it, to the person from whom he received it.","If contract is found void, any benefits received must be returned or compensated.","Section 65","Obligation of person who has received advantage under void agreement"
"Indian Contract Act, 1872","In the event of breach of contract, the party who suffers by such breach is entitled to receive compensation for any loss which naturally arose in the usual course of things from such breach.","Compensation for contract breach covers losses that naturally result from the breach.","Section 73","Compensation for loss or damage caused by breach of contract"
"Indian Contract Act, 1872","When an obligation resembling those created by contract has been incurred and has not been discharged, any person injured by the failure to discharge it is entitled to receive the same compensation from the party in default.","Compensation available even when obligation arises without formal contract.","Section 70","Obligation of person enjoying benefit of non-gratuitous act"
"Indian Contract Act, 1872","A contract which is contingent upon the happening of a future uncertain event cannot be enforced by law unless and until that event has happened.","Contracts depending on uncertain future events can only be enforced after the event happens.","Section 32","Enforcement of contracts contingent on an event happening"
"Indian Contract Act, 1872","Contingent contracts to do or not to do anything if an uncertain future event happens cannot be enforced by law unless and until that event has happened.","Contracts based on 'if something happens' can only be enforced after it actually happens.","Section 31","Contingent contract definition and enforcement"
"Indian Contract Act, 1872","A contract to do or not to do something, if some event, which is collateral to such contract, does not happen, may be enforced when the happening of that event becomes impossible.","Contracts based on 'if something doesn't happen' can be enforced when that event becomes impossible.","Section 34","Enforcement of contracts contingent on an event not happening"
"Indian Contract Act, 1872","Where the consent of the promisor is caused by coercion, the contract is voidable at the option of the party whose consent was so caused.","Contracts made under pressure can be cancelled by the pressured party.","Section 19","Voidability of agreements without free consent"
"Indian Contract Act, 1872","When consent to an agreement is caused by undue influence, the agreement is a contract voidable at the option of the party whose consent was so caused.","Contracts made under excessive influence can be cancelled by the influenced party.","Section 19A","Power to set aside contract induced by undue influence"
"Code of Criminal Procedure, 1973","No female shall be sentenced to death.","Women cannot be given death sentence.","Section 416","Postponement of capital sentence on pregnant woman"
"Code of Criminal Procedure, 1973","When any person is sentenced to death, the sentence shall direct that he be hanged by the neck till he is dead.","Death sentence must specify hanging by neck until death.","Section 354","Form and contents of judgment in death sentence cases"
"Code of Criminal Procedure, 1973","In the case of any offence punishable with imprisonment for life, the Court may, for reasons to be recorded in writing, impose sentence of imprisonment for a term exceeding ten years.","Life imprisonment can be given for offenses punishable with life imprisonment, with reasons recorded.","Section 31","Sentence in cases of conviction of several offences at one trial"
"Code of Criminal Procedure, 1973","No woman shall be called to a police station for questioning.","Women cannot be called to police station for questioning.","Section 160","Police officer's power to require attendance of witnesses"
"Code of Criminal Procedure, 1973","In every inquiry or trial the proceedings shall be held as expeditiously as possible.","Court proceedings should be completed as quickly as possible.","Section 309","Power to postpone or adjourn proceedings"
"Code of Criminal Procedure, 1973","Any person accused of an offence before a Criminal Court, or against whom proceedings are instituted under this Code, may of right be defended by a pleader of his choice.","Every accused person has the right to be defended by a lawyer of their choice.","Section 303","Right of person against whom proceedings are instituted to be defended"
"Hindu Marriage Act, 1955","When a marriage has been dissolved by a decree of divorce and either there is no right of appeal against the decree or, if there is such a right of appeal, the time for appealing has expired without an appeal having been presented, the parties may marry again.","After divorce becomes final, both parties are free to remarry.","Section 15","Divorced persons when may marry again"
"Hindu Marriage Act, 1955","Where in any proceeding under this Act it appears to the court that either the wife or the husband, as the case may be, has no independent income sufficient for her or his support and the necessary expenses of the proceeding, it may order the respondent to pay to the petitioner the expenses of the proceeding.","Court can order payment of legal expenses if spouse has no independent income.","Section 24","Maintenance pendente lite and expenses of proceedings"
"Hindu Succession Act, 1956","When a female Hindu dies intestate, her property shall devolve according to the rules set out in section 16.","Property of Hindu female without will follows specific inheritance rules.","Section 15","General rules of succession in the case of female Hindus"
"Hindu Succession Act, 1956","Any property possessed by a female Hindu, whether acquired before or after the commencement of this Act, shall be held by her as full owner thereof and not as a limited owner.","Hindu women have full ownership rights over their property, not limited ownership.","Section 14","Property of a female Hindu to be her absolute property"
"Hindu Adoption and Maintenance Act, 1956","No person shall be capable of being taken in adoption unless he or she is a Hindu, he or she has not already been adopted, he or she has not been married, unless there is a custom or usage applicable to the parties which permits persons who are married being taken in adoption.","Only unmarried Hindu children can be adopted, unless custom allows married persons adoption.","Section 10","Persons who may be adopted"
"Hindu Adoption and Maintenance Act, 1956","No adoption shall be made after the adoptee has completed the age of fifteen years, unless there is a custom or usage applicable to the parties which permits persons who have completed the age of fifteen years being taken in adoption.","Adoption generally not allowed after child turns 15, unless custom permits.","Section 10","Age for adoption"
"Hindu Adoption and Maintenance Act, 1956","A Hindu wife shall be entitled to be maintained by her husband during her lifetime.","Hindu wife has right to be maintained by her husband throughout her life.","Section 18","Maintenance of wife"
"Hindu Minority and Guardianship Act, 1956","The natural guardians of a Hindu minor, in respect of the minor's person as well as in respect of the minor's property, are the father, and after him, the mother.","Natural guardians of Hindu minor are: first father, then mother.","Section 6","Natural guardians of a Hindu minor"
"Hindu Minority and Guardianship Act, 1956","The natural guardian of a Hindu minor has power, subject to the provisions of this section, to do all acts which are necessary or reasonable and proper for the benefit of the minor or for the realization, protection or benefit of the minor's estate.","Natural guardian can take necessary actions for minor's benefit and property protection.","Section 8","Powers of natural guardian"
"Muslim Personal Law","A Muslim woman married under Muslim law shall be entitled to obtain a decree for the dissolution of her marriage on the ground that the husband has neglected or has failed to provide for her maintenance for a period of two years.","Muslim wife can seek divorce if husband fails to provide maintenance for 2 years.","Dissolution of Muslim Marriages Act, 1939","Grounds for Muslim woman to seek divorce"
"Muslim Personal Law","The dower may be fixed either before or at the time of marriage or after the marriage.","Mehr (dower) can be decided before, during, or after marriage.","Muslim Law","Provisions regarding dower in Muslim marriage"
"Muslim Personal Law","A Muslim husband may dissolve the marriage by pronouncing talaq.","Muslim husband can divorce by pronouncing talaq.","Muslim Law","Talaq provisions in Muslim law"
"Muslim Personal Law","The mother shall be entitled to the custody of her minor child up to the age of seven years in the case of a boy and upto the age of puberty in the case of a girl.","Mother has custody rights: for son until age 7, for daughter until puberty.","Muslim Law","Hizanat (custody) rights of mother"
"Muslim Personal Law","A Muslim is entitled to bequeath by will only one-third of his property.","Muslim can will only one-third of property, rest follows inheritance rules.","Muslim Law","Will restrictions in Muslim law"
"Special Marriage Act, 1954","Any marriage celebrated, whether before or after the commencement of this Act, may be dissolved by a decree of divorce on the petition of either the husband or the wife on the ground that the other party has, after the solemnization of the marriage, had voluntary sexual intercourse with any person other than his or her spouse.","Marriage under Special Marriage Act can be dissolved if either spouse has extramarital affair.","Section 27","Grounds for divorce under Special Marriage Act"
"Special Marriage Act, 1954","Any marriage under this Act may be solemnized in any form which the parties may choose to adopt.","Marriages under this Act can be performed in any form chosen by the parties.","Section 12","Form of solemnization of marriage"
"Special Marriage Act, 1954","When a marriage has been dissolved and either there is no right of appeal against the decree or if there is such a right of appeal, the time for appealing has expired without an appeal having been presented, either party to the marriage may marry again.","After divorce becomes final under this Act, parties can remarry.","Section 30","Divorced persons when may marry again"
"Negotiable Instruments Act, 1881","Whoever commits an offence under section 138 shall be punished with imprisonment for a term which may extend to two years, or with fine which may extend to twice the amount of the cheque, or with both.","Cheque bouncing is punishable with up to 2 years imprisonment or double the cheque amount as fine or both.","Section 138","Punishment for dishonour of cheque"
"Negotiable Instruments Act, 1881","A promissory note is an instrument in writing containing an unconditional undertaking, signed by the maker, to pay a certain sum of money only to, or to the order of, a certain person, or to the bearer of the instrument.","Promissory note is a written promise to pay specific amount to specific person or bearer.","Section 4","Defines promissory note"
"Negotiable Instruments Act, 1881","A bill of exchange is an instrument in writing containing an unconditional order, signed by the maker, directing a certain person to pay a certain sum of money only to, or to the order of, a certain person or to the bearer of the instrument.","Bill of exchange is a written order to pay specific amount to specific person or bearer.","Section 5","Defines bill of exchange"
"Negotiable Instruments Act, 1881","A cheque is a bill of exchange drawn on a specified banker and not expressed to be payable otherwise than on demand.","Cheque is a type of bill of exchange payable on demand from a bank.","Section 6","Defines cheque"
"Consumer Protection Act, 2019","The District Commission shall have jurisdiction to entertain complaints where the value of the goods or services paid as consideration does not exceed one crore rupees.","District consumer court can hear cases involving claims up to ₹1 crore.","Section 34","Jurisdiction of District Commission"
"Consumer Protection Act, 2019","The State Commission shall have jurisdiction to entertain complaints where the value of the goods or services paid as consideration exceeds one crore rupees but does not exceed ten crore rupees.","State consumer court can hear cases involving claims between ₹1 crore and ₹10 crore.","Section 47","Jurisdiction of State Commission"
"Consumer Protection Act, 2019","The National Commission shall have jurisdiction to entertain complaints where the value of the goods or services paid as consideration exceeds ten crore rupees.","National consumer court can hear cases involving claims over ₹10 crore.","Section 58","Jurisdiction of National Commission"
"Right to Information Act, 2005","An information shall ordinarily be provided in the form in which it is sought unless it would disproportionately divert the resources of the public authority or would be detrimental to the safety or preservation of the record in question.","Information should be provided in requested format unless it would harm records or require excessive resources.","Section 7","Disposal of request for information"
"Right to Information Act, 2005","Where a decision is taken to provide the information on payment of any further fee representing the cost of providing the information, the Central Public Information Officer shall send an intimation to the person making the request.","If additional fees are required for providing information, applicant must be informed about the details.","Section 7","Fees for providing information"
"Right to Information Act, 2005","Notwithstanding anything contained in this Act, there shall be no obligation to give any citizen information which would prejudicially affect the sovereignty and integrity of India.","Certain sensitive information affecting national security and interests can be withheld.","Section 8","Exemption from disclosure of information"
"Information Technology Act, 2000","Whoever commits hacking shall be punished with imprisonment up to three years, or with fine which may extend to five lakh rupees, or with both.","Hacking is punishable with up to 3 years imprisonment or ₹5 lakh fine or both.","Section 66","Punishment for hacking"
"Information Technology Act, 2000","Whoever sends by means of a computer resource any information that is grossly offensive or has menacing character shall be punishable.","Sending offensive or false information through computers is punishable.","Section 66A","Punishment for sending offensive messages through communication service"
"Information Technology Act, 2000","Whoever, intentionally or knowingly captures, publishes or transmits the image of a private area of any person without his or her consent, under circumstances violating the privacy of that person, shall be punished.","Taking or sharing private images without consent violating privacy is punishable.","Section 66E","Punishment for violation of privacy"
"Information Technology Act, 2000","Whoever, knowingly or intentionally conceals, destroys or alters any computer source code used for a computer resource with an intention to cause damage, shall be punishable.","Destroying or altering computer source code with intent to cause damage is punishable.","Section 65","Tampering with computer source documents"
"Companies Act, 2013","Every company shall prepare its financial statements in accordance with the accounting standards.","Companies must prepare financial statements following accounting standards.","Section 129","Financial statement preparation requirements"
"Companies Act, 2013","The Board of Directors of every company shall consist of individuals as directors and shall have a minimum number of three directors in the case of a public company, two directors in the case of a private company.","Minimum directors required: Public company-3, Private company-2, One Person Company-1.","Section 149","Company to have Board of Directors"
"Companies Act, 2013","No company shall appoint or re-appoint any person as its managing director, whole-time director or manager for a term exceeding five years at a time.","Managing director or whole-time director cannot be appointed for more than 5 years at once.","Section 196","Appointment of managing director, whole-time director or manager"
"Companies Act, 2013","Every company having a paid-up share capital of five crore rupees or more shall constitute a Corporate Social Responsibility Committee of the Board.","Companies with ₹5 crore+ paid-up capital must have CSR committee.","Section 135","Corporate Social Responsibility"
"Companies Act, 2013","The Board of every company shall ensure that the company spends, in every financial year, at least two per cent of the average net profits of the company made during the three immediately preceding financial years.","Companies must spend at least 2% of average net profits of last 3 years on CSR activities.","Section 135","CSR spending requirement"
"Goods and Services Tax Act, 2017","The input tax credit shall be availed by a registered person on the basis of any of the following documents, namely: an invoice issued by the supplier of goods or services or both.","Input tax credit can be claimed based on invoices from suppliers.","Section 16","Documents for claiming input tax credit"
"Goods and Services Tax Act, 2017","Every registered person required to deduct tax at source under section 51 shall furnish a return in such form and manner as may be prescribed.","Persons required to deduct TDS must file returns in prescribed format.","Section 39","Furnishing of returns"
"Goods and Services Tax Act, 2017","Any registered person who fails to furnish the details of outward or inward supplies required under section 37 by the due date shall be liable to pay a late fee of one hundred rupees for every day.","Late filing of supply details attracts ₹100 per day late fee.","Section 47","Levy of late fee for delayed filing of return"
"Arbitration and Conciliation Act, 1996","The arbitral tribunal shall make an arbitral award within a period of twelve months from the date the arbitral tribunal enters upon the reference.","Arbitration award should be made within 12 months from when tribunal starts proceedings.","Section 29A","Time limit for arbitral award"
"Arbitration and Conciliation Act, 1996","An arbitral award shall be final and binding on the parties and persons claiming under them respectively.","Arbitration award is final and legally binding on all parties involved.","Section 35","Finality of arbitral awards"
"Arbitration and Conciliation Act, 1996","Recourse to a Court against an arbitral award may be made only by an application for setting aside such award in accordance with sub-section (2) and sub-section (3).","Court can only interfere with arbitration award through specific setting aside procedure.","Section 34","Application for setting aside arbitral award"
"Transfer of Property Act, 1882","Sale is a transfer of ownership in exchange for a price paid or promised or part-paid and part-promised.","Sale means transferring property ownership for money paid or promised.","Section 54","Defines sale of immovable property"
"Transfer of Property Act, 1882","Gift is the transfer of certain existing movable or immovable property made voluntarily and without consideration, by one person, called the donor, to another, called the donee, and accepted by or on behalf of the donee.","Gift means transferring property voluntarily without payment, from donor to donee.","Section 122","Defines gift"
"Transfer of Property Act, 1882","An exchange is a mutual transfer of ownership of one thing for the ownership of another.","Exchange means swapping ownership of one property for another property.","Section 118","Defines exchange"
"Indian Evidence Act, 1872","Facts which, though not in issue, are so connected with a fact in issue as to form part of the same transaction, are relevant, whether they occurred at the same time and place or at different times and places.","Facts connected to the main issue as part of same transaction are relevant evidence.","Section 6","Relevancy of facts forming part of same transaction"
"Indian Evidence Act, 1872","Any fact which enables the court to determine the amount of damages which ought to be awarded is relevant.","Facts that help determine compensation amount are relevant evidence.","Section 12","Facts relevant to determine damages"
"Indian Evidence Act, 1872","When one person has, by his declaration, act or omission, intentionally caused or permitted another person to believe a thing to be true and to act upon such belief, neither he nor his representative shall be allowed to deny the truth of that thing.","If someone makes another believe something is true and they act on it, the first person cannot later deny it.","Section 115","Estoppel principle in evidence"
"Indian Evidence Act, 1872","No witness who is not a party to a suit shall be compelled to produce his title-deeds to any property.","Witnesses cannot be forced to produce documents that might incriminate them or reveal property titles.","Section 130","Production of documents which another person, having possession, could refuse to produce"
"Code of Civil Procedure, 1908","The Court may, either on its own motion or on the application of any party, order any fact to be proved by affidavit.","Court can allow facts to be proved through written statements (affidavits).","Order 19 Rule 1","Power to order any point to be proved by affidavit"
"Code of Civil Procedure, 1908","No second appeal shall lie except on the grounds of substantial question of law.","Second appeal to High Court only allowed for important legal questions, not factual disputes.","Section 100","Second appeal restrictions"
"Code of Civil Procedure, 1908","The Court may, if it thinks fit, make an order for security for costs at any stage of the suit.","Court can order plaintiff to deposit security money for defendant's legal costs.","Section 148A","Power to order security for costs"
